{
  "n_simulations": 100,
  "original_totals": [
    106932857.14285712,
    104934999.99999999,
    102418571.42857142,
    97725714.28571428,
    106330714.28571428,
    109050000.0,
    104879285.7142857,
    102590000.0,
    109660714.28571428,
    105746428.57142857,
    107244285.7142857,
    104220714.28571428,
    108866428.57142858,
    110275714.28571427,
    103170714.28571428,
    102397857.14285715,
    109144285.7142857,
    101568571.42857142,
    106433571.42857142,
    105187142.85714285,
    105015714.28571428,
    104326428.57142858,
    105277142.85714285,
    104707142.85714285,
    109376428.5714286,
    104062142.85714284,
    103450714.28571427,
    102420714.28571428,
    102702857.14285713,
    103078571.42857143,
    103659285.7142857,
    104475000.0,
    106618571.42857142,
    101138571.42857142,
    102819285.7142857,
    99798571.42857143,
    106953571.42857143,
    103637857.14285715,
    106882857.14285712,
    106488571.42857143,
    106712857.14285713,
    105500714.28571428,
    100781428.57142857,
    102632857.14285713,
    105752857.14285712,
    109211428.57142857,
    104664999.99999999,
    106876428.57142857,
    108634285.71428572,
    105350714.2857143,
    107790000.0,
    102467857.14285713,
    101778571.42857142,
    103617142.85714287,
    105545000.0,
    101874285.7142857,
    104937142.85714285,
    104987142.85714287,
    103640000.0,
    105464999.99999999,
    104387142.85714285,
    102822857.14285713,
    104550000.0,
    109567857.14285713,
    103302857.14285713,
    105182857.14285715,
    103391428.57142857,
    101627857.14285713,
    101763571.42857143,
    103367857.14285713,
    100665714.28571428,
    106952142.85714285,
    104392857.14285713,
    102367857.14285713,
    104957857.14285715,
    108592857.14285713,
    108292142.85714287,
    104097142.85714287,
    103535000.0,
    106003571.42857143,
    103795000.0,
    100742857.14285713,
    103327857.14285715,
    105002857.14285715,
    104510714.28571427,
    102986428.57142858,
    102722142.85714287,
    105864999.99999999,
    102722142.85714285,
    104027142.85714285,
    102946428.57142857,
    106517857.14285713,
    104640000.00000001,
    102497142.85714284,
    102627857.14285715,
    107427142.85714285,
    100022142.85714285,
    107216428.57142857,
    107715000.0,
    107005714.28571428
  ],
  "adjusted_totals": [
    106643083.14285712,
    104607295.99999999,
    102213535.42857143,
    97562676.28571428,
    106176662.28571428,
    108893677.0,
    104807839.7142857,
    102407236.0,
    109332278.28571428,
    105491429.57142857,
    107098589.7142857,
    104023514.28571428,
    108604032.57142858,
    110099644.28571427,
    103120398.28571428,
    102263982.14285715,
    108950769.7142857,
    101359384.42857142,
    106309827.42857142,
    105138904.85714285,
    104789656.28571428,
    104173331.57142857,
    104957068.85714285,
    104615572.85714285,
    109147052.5714286,
    103951079.85714284,
    103122536.28571427,
    102209320.28571428,
    102584468.14285713,
    102893932.42857143,
    103465044.7142857,
    104316211.0,
    106478003.42857142,
    101106709.42857142,
    102766807.7142857,
    99732349.42857143,
    106779482.42857143,
    103561232.14285715,
    106741659.14285712,
    106245575.42857143,
    106533216.14285713,
    105450846.28571428,
    100614474.57142857,
    102419324.14285713,
    105512725.14285712,
    108973147.57142857,
    104479858.99999999,
    106620042.57142857,
    108407892.71428572,
    105128971.2857143,
    107453647.0,
    102345112.14285713,
    101659982.42857142,
    103435204.85714287,
    105501002.0,
    101733202.7142857,
    104714831.85714285,
    104802781.85714287,
    103513521.0,
    105318782.99999999,
    104162107.85714285,
    102659310.14285713,
    104442737.0,
    109217024.14285713,
    103205871.14285713,
    104988357.14285715,
    103273312.57142857,
    101582942.14285713,
    101683803.42857143,
    103251317.14285713,
    100511890.28571428,
    106792115.85714285,
    104359160.14285713,
    102050670.14285713,
    104690465.14285715,
    108403103.14285713,
    107938692.85714287,
    103942317.85714287,
    103374662.0,
    105882094.42857143,
    103584239.0,
    100728652.14285713,
    103243758.14285715,
    104820972.14285715,
    104305114.28571428,
    102804041.57142858,
    102659939.85714287,
    105627669.99999999,
    102735616.85714285,
    103782694.85714285,
    102798223.57142857,
    106396457.14285713,
    104574678.00000001,
    102195636.85714284,
    102503897.14285715,
    107342933.85714285,
    99989018.85714285,
    107194660.57142857,
    107520799.0,
    106736073.28571428
  ],
  "differences": [
    -289774.0,
    -327704.0,
    -205035.9999999851,
    -163038.0,
    -154052.0,
    -156323.0,
    -71446.0,
    -182764.0,
    -328436.0,
    -254999.0,
    -145696.0,
    -197200.0,
    -262396.0,
    -176070.0,
    -50316.0,
    -133875.0,
    -193516.0,
    -209187.0,
    -123744.0,
    -48238.0,
    -226058.0,
    -153097.0000000149,
    -320074.0,
    -91570.0,
    -229376.0,
    -111063.0,
    -328178.0,
    -211394.0,
    -118389.0,
    -184639.0,
    -194241.0,
    -158789.0,
    -140568.0,
    -31862.0,
    -52478.0,
    -66222.0,
    -174089.0,
    -76625.0,
    -141198.0,
    -242996.0,
    -179641.0,
    -49868.0,
    -166954.0,
    -213533.0,
    -240132.0,
    -238281.0,
    -185141.0,
    -256386.0,
    -226393.0,
    -221743.0,
    -336353.0,
    -122745.0,
    -118589.0,
    -181938.0,
    -43998.0,
    -141083.0,
    -222311.0,
    -184361.0,
    -126479.0,
    -146217.0,
    -225035.0,
    -163547.0,
    -107263.0,
    -350833.0,
    -96986.0,
    -194500.0,
    -118116.0,
    -44915.0,
    -79768.0,
    -116540.0,
    -153824.0,
    -160027.0,
    -33697.0,
    -317187.0,
    -267392.0,
    -189754.0,
    -353450.0,
    -154825.0,
    -160338.0,
    -121477.0,
    -210761.0,
    -14205.0,
    -84099.0,
    -181885.0,
    -205599.9999999851,
    -182387.0,
    -62203.0,
    -237330.0,
    13474.0,
    -244448.0,
    -148205.0,
    -121400.0,
    -65322.0,
    -301506.0,
    -123960.0,
    -84209.0,
    -33124.0,
    -21768.0,
    -194201.0,
    -269641.0
  ],
  "mean_difference": -167111.15999999986,
  "std_difference": 83301.58850966992
}